{"acc": 0.9355049978903739, "loss": 0.12939897482431734, "_timestamp": 1683304724.7518895, "_runtime": 0.9826843738555908, "_step": 7, "_wandb": {"runtime": 0}}